"id";"sensor_id";"setting";"description";"setting_type";"setting_default_value"
1;1;"status_accelerometer";"true or false to activate or deactivate accelerometer sensor.";"boolean";""
2;1;"frequency_accelerometer";"non-deterministic frequency in microseconds (dependent of the hardware sensor capabilities and resources), e.g., 200000 (normal), 60000 (UI), 20000 (game), 0 (fastest).";"integer";"200000"
3;2;"status_applications";"true or false to activate or deactivate application usage (e.g., foreground, history).";"boolean";""
4;2;"status_notifications";"true or false to activate or deactivate application notifications sensor.";"boolean";""
5;2;"status_crashes";"true of false to activate or deactivate application crashes sensor.";"boolean";""
6;3;"status_barometer";"true or false to activate or deactivate sensor.";"boolean";""
7;3;"frequency_barometer";"non-deterministic frequency in microseconds (dependent of the hardware sensor capabilities and resources), e.g., 200000 (normal), 60000 (UI), 20000 (game), 0 (fastest)";"integer";"200000"
8;4;"status_battery";"true or false to activate or deactivate battery usage.";"boolean";""
9;5;"status_bluetooth";" true or false to activate or deactivate bluetooth sensor.";"boolean";""
10;5;"frequency_bluetooth";"deterministic frequency in seconds (default is 60 seconds).";"integer";"60"
11;6;"status_communication_events";"true or false to activate or deactivate high-level context of users’ communication usage.";"boolean";""
12;6;"status_calls";"true or false to activate or deactivate calls sensor.";"boolean";""
13;6;"status_messages";"true or false to activate or deactivate messages sensor.";"boolean";""
14;7;"status_esm";"true or false to activate or deactivate ESM sensor.";"boolean";""
15;8;"status_gravity";"true or false to activate or deactivate gravity sensor.";"boolean";""
16;8;"frequency_gravity";"non-deterministic frequency in microseconds (dependent of the hardware sensor capabilities and resources), e.g., 200000 (normal), 60000 (UI), 20000 (game), 0 (fastest)";"integer";"200000"
17;9;"status_gyroscope";"true or false to activate or deactivate sensor.";"boolean";""
18;9;"frequency_gyroscope";"non-deterministic frequency in microseconds (dependent of the hardware sensor capabilities and resources), e.g., 200000 (normal), 60000 (UI), 20000 (game), 0 (fastest)";"integer";"200000"
19;10;"status_installations";"true or false to activate or deactivate sensor.";"boolean";""
20;11;"status_light";"true or false to activate or deactivate sensor.";"boolean";""
21;11;"frequency_light";"non-deterministic frequency in microseconds (dependent of the hardware sensor capabilities and resources), e.g., 200000 (normal), 60000 (UI), 20000 (game), 0 (fastest)";"integer";"200000"
22;12;"status_linear_accelerometer";"true or false to activate or deactivate sensor.";"boolean";""
23;12;"frequency_linear_accelerometer";"non-deterministic frequency in microseconds (dependent of the hardware sensor capabilities and resources), e.g., 200000 (normal), 60000 (UI), 20000 (game), 0 (fastest)";"integer";"200000"
24;13;"status_location_gps";"true or false to activate or deactivate GPS locations.";"boolean";""
25;13;"status_location_network";"true or false to activate or deactivate Network locations.";"boolean";""
26;13;"frequency_gps";"how frequent to check the GPS location, in seconds. By default, every 180 seconds. Setting to 0 (zero) will keep the GPS location tracking always on.";"integer";"180"
27;13;"frequency_network";"how frequently to check the network location, in seconds. By default, every 300 seconds. Setting to 0 (zero) will keep the network location tracking always on.";"integer";"300"
28;13;"min_location_gps_accuracy";"the minimum acceptable accuracy of GPS location, in meters. By default, 150 meters. Setting to 0 (zero) will keep the GPS location tracking always on.";"integer";"150"
29;13;"min_location_network_accuracy";"the minimum acceptable accuracy of network location, in meters. By default, 1500 meters. Setting to 0 (zero) will keep the network location tracking always on.";"integer";"1500"
30;13;"location_expiration_time";"the amount of elapsed time, in seconds, until the location is considered outdated. By default, 300 seconds.";"integer";"300"
31;14;"status_magnetometer";"true or false to activate or deactivate sensor.";"boolean";""
32;14;"frequency_magnetometer";"non-deterministic frequency in microseconds (dependent of the hardware sensor capabilities and resources), e.g., 200000 (normal), 60000 (UI), 20000 (game), 0 (fastest)";"integer";"200000"
33;15;"status_mqtt";"true or false to activate or deactivate MQTT client.";"boolean";""
34;15;"mqtt_server";"the URL/IP of the server.";"text";""
35;15;"mqtt_port";"the connection port of the server. The standard TCP/IP ports for MQTT: 1883 (non-SSL, non-secure), 8883 (SSL, secure).";"integer";""
36;15;"mqtt_username";"the username to connect to the MQTT Server.";"text";""
37;15;"mqtt_password";"the password to connect to the MQTT Server.";"text";""
38;15;"mqtt_keep_alive";"how frequently to ping the server to keep alive the connection, in minutes (default is every 5 minutes).";"integer";"5"
39;15;"mqtt_qos";"the QoS expected for message delivery (2=exactly once, 1=at least once, 0=no guarantee).";"integer";"2"
40;16;"status_network_events";"true or false to activate or deactivate sensor.";"boolean";""
41;16;"status_network_traffic";"true or false to activate or deactivate sensor.";"boolean";""
42;17;"status_processor";"true or false to activate or deactivate sensor.";"boolean";""
43;17;"frequency_processor";"frequency in seconds to update the processor load, by default is 10 seconds.";"integer";"200000"
44;18;"status_proximity";"true or false to activate or deactivate sensor.";"boolean";""
45;18;"frequency_proximity";"non-deterministic frequency in microseconds (dependent of the hardware sensor capabilities and resources), e.g., 200000 (normal), 60000 (UI), 20000 (game), 0 (fastest)";"integer";"200000"
46;19;"status_rotation";"true or false to activate or deactivate sensor.";"boolean";""
47;19;"frequency_rotation";"non-deterministic frequency in microseconds (dependent of the hardware sensor capabilities and resources), e.g., 200000 (normal), 60000 (UI), 20000 (game), 0 (fastest)";"integer";"200000"
48;20;"status_screen";"true or false to activate or deactivate sensor.";"boolean";""
49;21;"status_telephony";"true or false to activate or deactivate sensor.";"boolean";""
50;22;"status_temperature";"true or false to activate or deactivate sensor.";"boolean";""
51;22;"frequency_temperature";"non-deterministic frequency in microseconds (dependent of the hardware sensor capabilities and resources), e.g., 200000 (normal), 60000 (UI), 20000 (game), 0 (fastest)";"integer";"200000"
52;23;"status_wifi";"true or false to activate or deactivate sensor.";"boolean";""
53;23;"frequency_wifi";"how often to scan for devices, in seconds (default = 60 seconds).";"integer";"60"
54;24;"webservice_wifi_only";"Upload data to webservices only when connected to Wi-Fi";"boolean";""
55;24;"frequency_webservice";"How often the data is synchronised with the webservices? (default 30 minutes)";"integer";"30"
56;24;"frequency_clean_old_data";"How frequently to clean old data? (0 = never, 1 = weekly, 2 = monthly, 3 = daily, 4 = always)";"integer";"0"
57;2;"frequency_applications";"How frequently to check updates on background applications and services statuses (default 30 seconds)";"integer";"30"
58;2;"status_keyboard";"Log keyboard input.";"boolean";""
60;26;"status_timezone";"Logs user's current timezone";"boolean";""
61;26;"frequency_timezone";"frequency in seconds to check for changes in timezone.";"integer";""
62;24;"webservice_charging";"Upload only if charging.";"boolean";""
63;24;"webservice_silent";"Don't show sync notifications.";"boolean";""
64;24;"fallback_network";"Fallback to 3G synching after x hours trying over WiFi";"integer";"0"
65;24;"remind_to_charge";"Remind to charge when 15% battery if left";"boolean";""
66;20;"status_touch";"Logs clicks, long-clicks and scroll up/down events.";"boolean";""
67;1;"threshold_accelerometer";"E.g., log only if [x,y,z] >= 0.01. 0 = disabled";"integer";"0"
68;1;"frequency_accelerometer_enforce";"Enforce sampling rate";"boolean";"false"
69;3;"threshold_barometer";"e.g., log only if [x,y,z] >= 0.01";"integer";"0"
70;3;"frequency_barometer_enforce";"Enforce the frequency";"boolean";"false"
71;8;"threshold_gravity";"e.g., log only if [x,y,z] >= 0.01";"integer";"0"
72;8;"frequency_gravity_enforce";"Enforce the frequency";"boolean";"false"
73;9;"threshold_gyroscope";"e.g., log only if [x,y,z] >= 0.01";"integer";"0"
74;9;"frequency_gyroscope_enforce";"Enforce the frequency";"boolean";"false"
75;13;"status_location_passive";"Don't fetch locations, but use locations if other apps request them.";"boolean";"false"
76;13;"location_save_all";"Don't use heuristics to only record best locations";"boolean";"false"
77;11;"threshold_light";"e.g., log only if [x,y,z] >= 0.01";"integer";"0"
78;11;"frequency_light_enforce";"Enforce the frequency";"boolean";"false"
79;12;"threshold_linear_accelerometer";"e.g., log only if [x,y,z] >= 0.01";"integer";"0"
80;12;"frequency_linear_accelerometer_enforce";"Enforce the frequency";"boolean";"false"
81;14;"threshold_magnetometer";"e.g., log only if [x,y,z] >= 0.01";"integer";"0"
82;14;"frequency_magnetometer_enforce";"Enforce the frequency";"boolean";"false"
83;18;"threshold_proximity";"e.g., log only if [x,y,z] >= 0.01";"integer";"0"
84;18;"frequency_proximity_enforce";"Enforce the frequency";"boolean";"false"
85;19;"threshold_rotation";"e.g., log only if [x,y,z] >= 0.01";"integer";"0"
86;19;"frequency_rotation_enforce";"Enforce the frequency";"boolean";"false"
87;27;"status_significant_motion";"Log motion events. Saves battery life, stops motion sensors logs if idle!";"boolean";"false"
88;22;"threshold_temperature";"e.g., log only if [x,y,z] >= 0.01";"integer";"0"
89;22;"frequency_temperature_enforce";"Enforce the frequency";"boolean";"false"
90;24;"foreground_priority";"RECOMMENDED to keep AWARE running non-stop.";"boolean";"true"
91;24;"debug_flag";"Show debug messages in logcat";"boolean";"false"
92;2;"mask_keyboard";"Swaps all alphanumeric characters by A, a, and 1";"boolean";""
93;2;"mask_touch_text";"Swaps all alphanumeric characters by A, a, and 1";"boolean";""
94;28;"interface_locked";"Simplifies the interface for participants after joining a study";"boolean";"false"
