id,title,desc,created_date,creator_id,lastupdate,version,iconpath,package_path,package_name,status,type,package,state,repository
244,AWARE: Conversations,This plugin detects if the user is engaged in a conversation or not. This plugin was developed as a collaboration between Cornell and Dartmouth College.,1476270416,1,1476270416,NULL,,NULL,NULL,1,0,com.aware.plugin.studentlife.audio_final,1,https://github.com/denzilferreira/com.aware.plugin.studentlife.audio_final
241,AWARE: Google Fused Location,This plugin uses Google's Fused Locations API to provide the user's current location in an energy efficient way. It also allows the user to define geo-tagged areas.,1475747197,1,1475747197,NULL,,NULL,NULL,1,0,com.aware.plugin.google.fused_location,1,https://github.com/denzilferreira/com.aware.plugin.google.fused_location
242,AWARE: OpenWeather,This plugin uses Google Fused Location in low power mode and OpenWeather API to provide the weather conditions where the user is.,1475747581,1,1475747581,NULL,,NULL,NULL,1,0,com.aware.plugin.openweather,1,https://github.com/denzilferreira/com.aware.plugin.openweather
240,AWARE: Activity Recognition,"This plugin uses Google Location APIs to capture users mode of transportation: still, walking, running, biking, in vehicle (car, bus).",1475746693,1,1475746693,NULL,,NULL,NULL,1,0,com.aware.plugin.google.activity_recognition,1,https://github.com/denzilferreira/com.aware.plugin.google.activity_recognition
239,AWARE: Ambient Noise,"This plugin measures the ambient noise (Hz, dB) as noisy or silent moments. It adds the daily noise exposure on the stream, showing the average dB and Hz per hour throughout the day.",1475745850,1,1551370539,NULL,,NULL,NULL,1,0,com.aware.plugin.ambient_noise,1,https://github.com/denzilferreira/com.aware.plugin.ambient_noise.git
238,AWARE: Device Usage,"This plugin measures how much you use your device: for how long you didn't use; average non-use, average use and daily total amount of use.",1475673142,1,1475744630,NULL,,NULL,NULL,1,0,com.aware.plugin.device_usage,1,https://github.com/denzilferreira/com.aware.plugin.device_usage
234,AWARE: Google Auth,This plugin allows researchers and users to personalise their AWARE experience with Google.,1472989916,1,1475745649,NULL,,NULL,NULL,1,0,com.aware.plugin.google.auth,1,https://github.com/denzilferreira/com.aware.plugin.google.auth
264,AWARE: Fitbit,"This plugin allows researchers to collect the data from a Fitbit device: calories, steps, heart-rate, sleep.",1486124543,1,1515492063,NULL,,NULL,NULL,1,0,com.aware.plugin.fitbit,1,https://github.com/denzilferreira/com.aware.plugin.fitbit
334,AWARE: Contacts,This plugin allows researchers to match contacts with calls and sms one-way hash,1521018397,1,1521018397,NULL,,NULL,NULL,1,0,com.aware.plugin.contacts_list,1,https://github.com/denzilferreira/com.aware.plugin.contacts_list
382,AWARE: ESM Scheduler,This plugin allows you to schedule ESMs using a shared Google Calendar with your study participants. This plugin reads the events of a shared Google calendar.,1548416237,1,1548416237,NULL,,NULL,NULL,1,0,com.aware.plugin.esm.scheduler,1,https://github.com/denzilferreira/com.aware.plugin.esm.scheduler
