"id";"sensor";"description"
1;"Accelerometer";""
2;"Applications";""
3;"Barometer";""
4;"Battery";""
5;"Bluetooth";""
6;"Communication";""
7;"ESM";""
8;"Gravity";""
9;"Gyroscope";""
10;"Installations";""
11;"Light";""
12;"Linear Accelerometer";""
13;"Locations";""
14;"Magnetometer";""
15;"MQTT";""
16;"Network";""
17;"Processor";""
18;"Proximity";""
19;"Rotation";""
20;"Screen";""
21;"Telephony";""
22;"Temperature";""
23;"Wi-Fi";""
24;"Webservices";""
26;"Timezone";""
27;"Significant Motion";""
28;"Interface restrictions";""
