id,plugin_id,setting,desc,setting_type,setting_default_value
NULL,241,status_google_fused_location,(boolean) activate/deactivate plugin,boolean,NULL
NULL,241,frequency_google_fused_location,"(integer) How frequently to fetch user's location (in seconds), default 300 seconds",integer,NULL
NULL,244,status_plugin_studentlife_audio,Activate/deactivate plugin,boolean,NULL
NULL,239,frequency_plugin_ambient_noise,"(integer) interval between audio data snippets, in minutes. Recommended value is every 5 minutes or higher.",integer,NULL
NULL,241,max_frequency_google_fused_location,"(integer) How fast are you willing to get the latest location (in seconds), default 60 seconds",integer,NULL
NULL,240,frequency_plugin_google_activity_recognition,"(integer) - how frequently to detect users' activity, in seconds. By default, every 60 seconds.",integer,NULL
NULL,240,status_plugin_google_activity_recognition,Activate/deactivate plugin,boolean,NULL
NULL,242,units_plugin_openweather,"(string) imperial or metric, default metric",text,NULL
NULL,242,api_key_plugin_openweather,(string) OpenWeather API key. Get your free API key from openweathermap.org,text,NULL
NULL,239,status_plugin_ambient_noise,(boolean) activate/deactivate plugin,boolean,NULL
NULL,238,status_plugin_device_usage,(boolean) true or false to activate or deactivate plugin.,boolean,NULL
NULL,241,accuracy_google_fused_location,"(integer) One of the following: * 100 (high power): uses GPS only - works best outdoors, highest accuracy * 102 (balanced): uses GPS, Network and Wifi - works both indoors and outdoors, good accuracy (default) * 104 (low power): uses only Network and WiFi - poorest accuracy, medium accuracy * 105 (no power) - scavenges location requests from other apps",integer,NULL
NULL,239,plugin_ambient_noise_silence_threshold,(integer) How many dB is a noisy environment?,integer,NULL
NULL,239,plugin_ambient_noise_sample_size,"(integer) For how long we collect data, in seconds",integer,NULL
NULL,242,status_plugin_openweather,(boolean) activate/deactivate plugin,boolean,NULL
NULL,242,plugin_openweather_frequency,"(integer) How frequently to fetch weather information (in minutes), default 60 minutes",integer,NULL
NULL,234,status_plugin_google_login,Activate/deactivate plugin,boolean,NULL
NULL,241,fallback_location_timeout,"(integer) wait X seconds for GPS satellite fix to timeout, default 20 seconds",integer,NULL
NULL,241,location_sensitivity,"(integer) move more than X meter(s) to request another location fix, default 5 meters",integer,NULL
NULL,264,status_plugin_fitbit,activate/deactivate plugin,boolean,NULL
NULL,264,units_plugin_fitbit,one of metric/imperial,text,NULL
NULL,264,plugin_fitbit_frequency," interval in which to check for new data on Fitbit. Fitbit has a hard-limit of 150 data checks, per hour, per device.",integer,NULL
NULL,264,fitbit_granularity,"intraday granularity. One of 1d/15min/1min for daily summary, 15 minutes and 1 minute, respectively.",text,NULL
NULL,264,fitbit_hr_granularity,"intraday granularity. One of 1min/1sec for 1 minute, and 5 second interval respectively (setting is 1sec but returns every 5sec).",text,NULL
NULL,264,api_key_plugin_fitbit,Fitbit Client Key,text,NULL
NULL,264,api_secret_plugin_fitbit,Fitbit Client Secret,text,NULL
NULL,334,status_plugin_contacts,Capture snapshot of contacts list,boolean,NULL
NULL,334,frequency_plugin_contacts,Update every X days,integer,1
NULL,382,status_plugin_esm_scheduler,(boolean) activate/deactivate plugin,boolean,NULL
NULL,239,plugin_ambient_noise_no_raw,(boolean) Only store the signal analysis,boolean,NULL
